<?xml version="1.0" encoding="utf-8" ?>
<dwsync>
<file name="bootstrap-grid.css" server="ftp.timcorbette.com" local="131787353520413862" remote="131811547200000000" Dst="2" />
<file name="bootstrap-reboot.css" server="ftp.timcorbette.com" local="131787353598104556" remote="131811547200000000" Dst="2" />
<file name="bootstrap-grid.scss" server="ftp.timcorbette.com" local="131787352598695798" remote="131811547200000000" Dst="2" />
<file name="bootstrap-reboot.scss" server="ftp.timcorbette.com" local="131787352598965084" remote="131811547200000000" Dst="2" />
<file name="bootstrap.scss" server="ftp.timcorbette.com" local="131787352599254301" remote="131811547200000000" Dst="2" />
<file name="bootstrap.css" server="ftp.timcorbette.com" local="131787353976782036" remote="131811547200000000" Dst="2" />
<file name="_alert.scss" server="ftp.timcorbette.com" local="131787352587296280" remote="131811547200000000" Dst="2" />
<file name="_badge.scss" server="ftp.timcorbette.com" local="131787352587615533" remote="131811547200000000" Dst="2" />
<file name="_breadcrumb.scss" server="ftp.timcorbette.com" local="131787352587874729" remote="131811547200000000" Dst="2" />
<file name="_buttons.scss" server="ftp.timcorbette.com" local="131787352588513027" remote="131811547200000000" Dst="2" />
<file name="_button-group.scss" server="ftp.timcorbette.com" local="131787352588233781" remote="131811547200000000" Dst="2" />
<file name="_card.scss" server="ftp.timcorbette.com" local="131787352588822206" remote="131811547200000000" Dst="2" />
<file name="_carousel.scss" server="ftp.timcorbette.com" local="131787352589171267" remote="131811547200000000" Dst="2" />
<file name="_close.scss" server="ftp.timcorbette.com" local="131787357698757392" remote="131811547200000000" Dst="2" />
<file name="_code.scss" server="ftp.timcorbette.com" local="131787352589799652" remote="131811547200000000" Dst="2" />
<file name="_dropdown.scss" server="ftp.timcorbette.com" local="131787352590547598" remote="131811547200000000" Dst="2" />
<file name="_custom-forms.scss" server="ftp.timcorbette.com" local="131787352590168596" remote="131811547200000000" Dst="2" />
<file name="_forms.scss" server="ftp.timcorbette.com" local="131787352590916614" remote="131811547200000000" Dst="2" />
<file name="_grid.scss" server="ftp.timcorbette.com" local="131787352591634702" remote="131811547200000000" Dst="2" />
<file name="_functions.scss" server="ftp.timcorbette.com" local="131787352591315547" remote="131811547200000000" Dst="2" />
<file name="_images.scss" server="ftp.timcorbette.com" local="131787352592003697" remote="131811547200000000" Dst="2" />
<file name="_input-group.scss" server="ftp.timcorbette.com" local="131787352592322848" remote="131811547200000000" Dst="2" />
<file name="_jumbotron.scss" server="ftp.timcorbette.com" local="131787352592572167" remote="131811547200000000" Dst="2" />
<file name="_list-group.scss" server="ftp.timcorbette.com" local="131787352592861404" remote="131811547200000000" Dst="2" />
<file name="_mixins.scss" server="ftp.timcorbette.com" local="131787352593419907" remote="131811547200000000" Dst="2" />
<file name="_media.scss" server="ftp.timcorbette.com" local="131787352593140645" remote="131811547200000000" Dst="2" />
<file name="_modal.scss" server="ftp.timcorbette.com" local="131787352593719118" remote="131811547200000000" Dst="2" />
<file name="_navbar.scss" server="ftp.timcorbette.com" local="131787352594337453" remote="131811547200000000" Dst="2" />
<file name="_nav.scss" server="ftp.timcorbette.com" local="131787352593988389" remote="131811547200000000" Dst="2" />
<file name="_pagination.scss" server="ftp.timcorbette.com" local="131787352594656600" remote="131811547200000000" Dst="2" />
<file name="_popover.scss" server="ftp.timcorbette.com" local="131787352594995697" remote="131811547200000000" Dst="2" />
<file name="_print.scss" server="ftp.timcorbette.com" local="131787352595364713" remote="131811547200000000" Dst="2" />
<file name="_progress.scss" server="ftp.timcorbette.com" local="131787352595673884" remote="131811547200000000" Dst="2" />
<file name="_reboot.scss" server="ftp.timcorbette.com" local="131787352596042899" remote="131811547200000000" Dst="2" />
<file name="_root.scss" server="ftp.timcorbette.com" local="131787352596381989" remote="131811547200000000" Dst="2" />
<file name="_tables.scss" server="ftp.timcorbette.com" local="131787352596760979" remote="131811547200000000" Dst="2" />
<file name="_transitions.scss" server="ftp.timcorbette.com" local="131787352597419223" remote="131811547200000000" Dst="2" />
<file name="_tooltip.scss" server="ftp.timcorbette.com" local="131787352597070139" remote="131811547200000000" Dst="2" />
<file name="_type.scss" server="ftp.timcorbette.com" local="131787444280315876" remote="131811547200000000" Dst="2" />
<file name="_utilities.scss" server="ftp.timcorbette.com" local="131787352598017615" remote="131811547200000000" Dst="2" />
<file name="_variables.scss" server="ftp.timcorbette.com" local="131811728682427240" remote="131811660000000000" Dst="2" />
</dwsync>